ID,模块,优先级,功能标题,状态
REX-0001,"Rialo链上集成",P0,"Rialo RPC连接",待开发
REX-0002,"Rialo链上集成",P0,"Vault合约部署",待开发
REX-0003,"Rialo链上集成",P0,"REX规则上链",待开发
REX-0004,"Rialo链上集成",P0,"Reactive注册",待开发
REX-0005,"Rialo链上集成",P0,"Native HTTP配置",待开发
REX-0006,"Rialo链上集成",P0,"状态机同步",待开发
REX-0007,"Rialo链上集成",P0,"交易签名",待开发
REX-0008,"Rialo链上集成",P0,"Gas估算",待开发
REX-0009,"Rialo链上集成",P0,"测试网切换",待开发
REX-0010,"Rialo链上集成",P0,"主网切换",待开发
REX-0011,"Rialo链上集成",P0,"WS事件监听",待开发
REX-0012,"Rialo链上集成",P0,"Created事件",待开发
REX-0013,"Rialo链上集成",P0,"Triggered事件",待开发
REX-0014,"Rialo链上集成",P0,"Opened事件",待开发
REX-0015,"Rialo链上集成",P0,"Minted事件",待开发
REX-0016,"Rialo链上集成",P0,"Nonce重试",待开发
REX-0017,"Rialo链上集成",P0,"失败提示",待开发
REX-0018,"Rialo链上集成",P0,"ABI生成",待开发
REX-0019,"Rialo链上集成",P0,"合约单测",待开发
REX-0020,"Rialo链上集成",P0,"Proxy升级",待开发
REX-0021,"Rialo链上集成",P0,"多签管理",待开发
REX-0022,"Rialo链上集成",P0,"紧急暂停",待开发
REX-0023,"Rialo链上集成",P0,"Indexer",待开发
REX-0024,"Rialo链上集成",P0,"Subgraph",待开发
REX-0025,"Rialo链上集成",P0,"区块回填",待开发
REX-0026,"Rialo链上集成",P0,"链上缓存",待开发
REX-0027,"Rialo链上集成",P0,"WC链切换",待开发
REX-0028,"Rialo链上集成",P0,"SDK Hook",待开发
REX-0029,"Rialo链上集成",P0,"Rialo RPC连接 #2",待开发
REX-0030,"Rialo链上集成",P0,"Vault合约部署 #2",待开发
REX-0031,"Rialo链上集成",P0,"REX规则上链 #2",待开发
REX-0032,"Rialo链上集成",P0,"Reactive注册 #2",待开发
REX-0033,"Rialo链上集成",P0,"Native HTTP配置 #2",待开发
REX-0034,"Rialo链上集成",P0,"状态机同步 #2",待开发
REX-0035,"Rialo链上集成",P0,"交易签名 #2",待开发
REX-0036,"Rialo链上集成",P0,"Gas估算 #2",待开发
REX-0037,"Rialo链上集成",P0,"测试网切换 #2",待开发
REX-0038,"Rialo链上集成",P0,"主网切换 #2",待开发
REX-0039,"Rialo链上集成",P0,"WS事件监听 #2",待开发
REX-0040,"Rialo链上集成",P0,"Created事件 #2",待开发
REX-0041,"Rialo链上集成",P0,"Triggered事件 #2",待开发
REX-0042,"Rialo链上集成",P0,"Opened事件 #2",待开发
REX-0043,"Rialo链上集成",P0,"Minted事件 #2",待开发
REX-0044,"Rialo链上集成",P0,"Nonce重试 #2",待开发
REX-0045,"Rialo链上集成",P0,"失败提示 #2",待开发
REX-0046,"Rialo链上集成",P0,"ABI生成 #2",待开发
REX-0047,"Rialo链上集成",P0,"合约单测 #2",待开发
REX-0048,"Rialo链上集成",P0,"Proxy升级 #2",待开发
REX-0049,"Rialo链上集成",P0,"多签管理 #2",待开发
REX-0050,"Rialo链上集成",P0,"紧急暂停 #2",待开发
REX-0051,"Rialo链上集成",P0,"Indexer #2",待开发
REX-0052,"Rialo链上集成",P0,"Subgraph #2",待开发
REX-0053,"Rialo链上集成",P0,"区块回填 #2",待开发
REX-0054,"Rialo链上集成",P0,"链上缓存 #2",待开发
REX-0055,"Rialo链上集成",P0,"WC链切换 #2",待开发
REX-0056,"Rialo链上集成",P0,"SDK Hook #2",待开发
REX-0057,"Rialo链上集成",P0,"Rialo RPC连接 #3",待开发
REX-0058,"Rialo链上集成",P0,"Vault合约部署 #3",待开发
REX-0059,"Rialo链上集成",P0,"REX规则上链 #3",待开发
REX-0060,"Rialo链上集成",P0,"Reactive注册 #3",待开发
REX-0061,"Rialo链上集成",P0,"Native HTTP配置 #3",待开发
REX-0062,"Rialo链上集成",P0,"状态机同步 #3",待开发
REX-0063,"Rialo链上集成",P0,"交易签名 #3",待开发
REX-0064,"Rialo链上集成",P0,"Gas估算 #3",待开发
REX-0065,"Rialo链上集成",P0,"测试网切换 #3",待开发
REX-0066,"Rialo链上集成",P0,"主网切换 #3",待开发
REX-0067,"Rialo链上集成",P0,"WS事件监听 #3",待开发
REX-0068,"Rialo链上集成",P0,"Created事件 #3",待开发
REX-0069,"Rialo链上集成",P0,"Triggered事件 #3",待开发
REX-0070,"Rialo链上集成",P0,"Opened事件 #3",待开发
REX-0071,"Rialo链上集成",P0,"Minted事件 #3",待开发
REX-0072,"Rialo链上集成",P0,"Nonce重试 #3",待开发
REX-0073,"Rialo链上集成",P0,"失败提示 #3",待开发
REX-0074,"Rialo链上集成",P0,"ABI生成 #3",待开发
REX-0075,"Rialo链上集成",P0,"合约单测 #3",待开发
REX-0076,"Rialo链上集成",P0,"Proxy升级 #3",待开发
REX-0077,"Rialo链上集成",P0,"多签管理 #3",待开发
REX-0078,"Rialo链上集成",P0,"紧急暂停 #3",待开发
REX-0079,"Rialo链上集成",P0,"Indexer #3",待开发
REX-0080,"Rialo链上集成",P0,"Subgraph #3",待开发
REX-0081,"环境数据Oracle",P0,"Open-Meteo hardened",待开发
REX-0082,"环境数据Oracle",P0,"OpenAQ v3",待开发
REX-0083,"环境数据Oracle",P0,"NOAA API",待开发
REX-0084,"环境数据Oracle",P0,"WMO源",待开发
REX-0085,"环境数据Oracle",P0,"AQI聚合",待开发
REX-0086,"环境数据Oracle",P0,"PM2.5标准",待开发
REX-0087,"环境数据Oracle",P0,"Freshness检测",待开发
REX-0088,"环境数据Oracle",P0,"Stale拒绝",待开发
REX-0089,"环境数据Oracle",P0,"Geo缓存",待开发
REX-0090,"环境数据Oracle",P0,"城市别名",待开发
REX-0091,"环境数据Oracle",P0,"Rate退避",待开发
REX-0092,"环境数据Oracle",P0,"Key轮换",待开发
REX-0093,"环境数据Oracle",P0,"健康Cron",待开发
REX-0094,"环境数据Oracle",P0,"离线降级",待开发
REX-0095,"环境数据Oracle",P0,"链上Attest",待开发
REX-0096,"环境数据Oracle",P0,"历史存档",待开发
REX-0097,"环境数据Oracle",P0,"自定义坐标",待开发
REX-0098,"环境数据Oracle",P0,"IP定位",待开发
REX-0099,"环境数据Oracle",P0,"UV校验",待开发
REX-0100,"环境数据Oracle",P0,"风速标准",待开发
REX-0101,"环境数据Oracle",P0,"Open-Meteo hardened #2",待开发
REX-0102,"环境数据Oracle",P0,"OpenAQ v3 #2",待开发
REX-0103,"环境数据Oracle",P0,"NOAA API #2",待开发
REX-0104,"环境数据Oracle",P0,"WMO源 #2",待开发
REX-0105,"环境数据Oracle",P0,"AQI聚合 #2",待开发
REX-0106,"环境数据Oracle",P0,"PM2.5标准 #2",待开发
REX-0107,"环境数据Oracle",P0,"Freshness检测 #2",待开发
REX-0108,"环境数据Oracle",P0,"Stale拒绝 #2",待开发
REX-0109,"环境数据Oracle",P0,"Geo缓存 #2",待开发
REX-0110,"环境数据Oracle",P0,"城市别名 #2",待开发
REX-0111,"环境数据Oracle",P0,"Rate退避 #2",待开发
REX-0112,"环境数据Oracle",P0,"Key轮换 #2",待开发
REX-0113,"环境数据Oracle",P0,"健康Cron #2",待开发
REX-0114,"环境数据Oracle",P0,"离线降级 #2",待开发
REX-0115,"环境数据Oracle",P0,"链上Attest #2",待开发
REX-0116,"环境数据Oracle",P0,"历史存档 #2",待开发
REX-0117,"环境数据Oracle",P0,"自定义坐标 #2",待开发
REX-0118,"环境数据Oracle",P0,"IP定位 #2",待开发
REX-0119,"环境数据Oracle",P0,"UV校验 #2",待开发
REX-0120,"环境数据Oracle",P0,"风速标准 #2",待开发
REX-0121,"环境数据Oracle",P0,"Open-Meteo hardened #3",待开发
REX-0122,"环境数据Oracle",P0,"OpenAQ v3 #3",待开发
REX-0123,"环境数据Oracle",P0,"NOAA API #3",待开发
REX-0124,"环境数据Oracle",P0,"WMO源 #3",待开发
REX-0125,"环境数据Oracle",P0,"AQI聚合 #3",待开发
REX-0126,"环境数据Oracle",P0,"PM2.5标准 #3",待开发
REX-0127,"环境数据Oracle",P0,"Freshness检测 #3",待开发
REX-0128,"环境数据Oracle",P0,"Stale拒绝 #3",待开发
REX-0129,"环境数据Oracle",P0,"Geo缓存 #3",待开发
REX-0130,"环境数据Oracle",P0,"城市别名 #3",待开发
REX-0131,"环境数据Oracle",P0,"Rate退避 #3",待开发
REX-0132,"环境数据Oracle",P0,"Key轮换 #3",待开发
REX-0133,"环境数据Oracle",P0,"健康Cron #3",待开发
REX-0134,"环境数据Oracle",P0,"离线降级 #3",待开发
REX-0135,"环境数据Oracle",P0,"链上Attest #3",待开发
REX-0136,"环境数据Oracle",P0,"历史存档 #3",待开发
REX-0137,"环境数据Oracle",P0,"自定义坐标 #3",待开发
REX-0138,"环境数据Oracle",P0,"IP定位 #3",待开发
REX-0139,"环境数据Oracle",P0,"UV校验 #3",待开发
REX-0140,"环境数据Oracle",P0,"风速标准 #3",待开发
REX-0141,"Vault核心逻辑",P0,"AND/OR嵌套",待开发
REX-0142,"Vault核心逻辑",P0,"范围滑块",待开发
REX-0143,"Vault核心逻辑",P0,"模板市场",待开发
REX-0144,"Vault核心逻辑",P0,"模板保存",待开发
REX-0145,"Vault核心逻辑",P0,"Vault编辑",待开发
REX-0146,"Vault核心逻辑",P0,"删除撤销",待开发
REX-0147,"Vault核心逻辑",P0,"Vault转让",待开发
REX-0148,"Vault核心逻辑",P0,"批量创建",待开发
REX-0149,"Vault核心逻辑",P0,"TTL过期",待开发
REX-0150,"Vault核心逻辑",P0,"续期",待开发
REX-0151,"Vault核心逻辑",P0,"触发历史",待开发
REX-0152,"Vault核心逻辑",P0,"接近预警",待开发
REX-0153,"Vault核心逻辑",P0,"自动开箱",待开发
REX-0154,"Vault核心逻辑",P0,"冷却期",待开发
REX-0155,"Vault核心逻辑",P0,"分享链接",待开发
REX-0156,"Vault核心逻辑",P0,"JSON导出",待开发
REX-0157,"Vault核心逻辑",P0,"JSON导入",待开发
REX-0158,"Vault核心逻辑",P0,"搜索",待开发
REX-0159,"Vault核心逻辑",P0,"筛选",待开发
REX-0160,"Vault核心逻辑",P0,"城市分组",待开发
REX-0161,"Vault核心逻辑",P0,"主题分组",待开发
REX-0162,"Vault核心逻辑",P0,"实时预览",待开发
REX-0163,"Vault核心逻辑",P0,"冲突检测",待开发
REX-0164,"Vault核心逻辑",P0,"命名校验",待开发
REX-0165,"Vault核心逻辑",P0,"AND/OR嵌套 #2",待开发
REX-0166,"Vault核心逻辑",P0,"范围滑块 #2",待开发
REX-0167,"Vault核心逻辑",P0,"模板市场 #2",待开发
REX-0168,"Vault核心逻辑",P0,"模板保存 #2",待开发
REX-0169,"Vault核心逻辑",P0,"Vault编辑 #2",待开发
REX-0170,"Vault核心逻辑",P0,"删除撤销 #2",待开发
REX-0171,"Vault核心逻辑",P0,"Vault转让 #2",待开发
REX-0172,"Vault核心逻辑",P0,"批量创建 #2",待开发
REX-0173,"Vault核心逻辑",P0,"TTL过期 #2",待开发
REX-0174,"Vault核心逻辑",P0,"续期 #2",待开发
REX-0175,"Vault核心逻辑",P0,"触发历史 #2",待开发
REX-0176,"Vault核心逻辑",P0,"接近预警 #2",待开发
REX-0177,"Vault核心逻辑",P0,"自动开箱 #2",待开发
REX-0178,"Vault核心逻辑",P0,"冷却期 #2",待开发
REX-0179,"Vault核心逻辑",P0,"分享链接 #2",待开发
REX-0180,"Vault核心逻辑",P0,"JSON导出 #2",待开发
REX-0181,"Vault核心逻辑",P0,"JSON导入 #2",待开发
REX-0182,"Vault核心逻辑",P0,"搜索 #2",待开发
REX-0183,"Vault核心逻辑",P0,"筛选 #2",待开发
REX-0184,"Vault核心逻辑",P0,"城市分组 #2",待开发
REX-0185,"Vault核心逻辑",P0,"主题分组 #2",待开发
REX-0186,"Vault核心逻辑",P0,"实时预览 #2",待开发
REX-0187,"Vault核心逻辑",P0,"冲突检测 #2",待开发
REX-0188,"Vault核心逻辑",P0,"命名校验 #2",待开发
REX-0189,"Vault核心逻辑",P0,"AND/OR嵌套 #3",待开发
REX-0190,"Vault核心逻辑",P0,"范围滑块 #3",待开发
REX-0191,"Vault核心逻辑",P0,"模板市场 #3",待开发
REX-0192,"Vault核心逻辑",P0,"模板保存 #3",待开发
REX-0193,"Vault核心逻辑",P0,"Vault编辑 #3",待开发
REX-0194,"Vault核心逻辑",P0,"删除撤销 #3",待开发
REX-0195,"Vault核心逻辑",P0,"Vault转让 #3",待开发
REX-0196,"Vault核心逻辑",P0,"批量创建 #3",待开发
REX-0197,"Vault核心逻辑",P0,"TTL过期 #3",待开发
REX-0198,"Vault核心逻辑",P0,"续期 #3",待开发
REX-0199,"Vault核心逻辑",P0,"触发历史 #3",待开发
REX-0200,"Vault核心逻辑",P0,"接近预警 #3",待开发
REX-0201,"Vault核心逻辑",P0,"自动开箱 #3",待开发
REX-0202,"Vault核心逻辑",P0,"冷却期 #3",待开发
REX-0203,"Vault核心逻辑",P0,"分享链接 #3",待开发
REX-0204,"Vault核心逻辑",P0,"JSON导出 #3",待开发
REX-0205,"Vault核心逻辑",P0,"JSON导入 #3",待开发
REX-0206,"Vault核心逻辑",P0,"搜索 #3",待开发
REX-0207,"Vault核心逻辑",P0,"筛选 #3",待开发
REX-0208,"Vault核心逻辑",P0,"城市分组 #3",待开发
REX-0209,"Vault核心逻辑",P0,"主题分组 #3",待开发
REX-0210,"Vault核心逻辑",P0,"实时预览 #3",待开发
REX-0211,"Vault核心逻辑",P0,"冲突检测 #3",待开发
REX-0212,"Vault核心逻辑",P0,"命名校验 #3",待开发
REX-0213,"Vault核心逻辑",P0,"AND/OR嵌套 #4",待开发
REX-0214,"Vault核心逻辑",P0,"范围滑块 #4",待开发
REX-0215,"Vault核心逻辑",P0,"模板市场 #4",待开发
REX-0216,"Artifact数字藏品",P1,"NFT mint",待开发
REX-0217,"Artifact数字藏品",P1,"ERC-721",待开发
REX-0218,"Artifact数字藏品",P1,"稀有度验证",待开发
REX-0219,"Artifact数字藏品",P1,"SVG生成",待开发
REX-0220,"Artifact数字藏品",P1,"Canvas渲染",待开发
REX-0221,"Artifact数字藏品",P1,"Reveal动画",待开发
REX-0222,"Artifact数字藏品",P1,"画廊",待开发
REX-0223,"Artifact数字藏品",P1,"详情页",待开发
REX-0224,"Artifact数字藏品",P1,"OpenSea",待开发
REX-0225,"Artifact数字藏品",P1,"IPFS",待开发
REX-0226,"Artifact数字藏品",P1,"Arweave",待开发
REX-0227,"Artifact数字藏品",P1,"转赠",待开发
REX-0228,"Artifact数字藏品",P1,"二级市场",待开发
REX-0229,"Artifact数字藏品",P1,"版税",待开发
REX-0230,"Artifact数字藏品",P1,"Collection",待开发
REX-0231,"Artifact数字藏品",P1,"未开证明",待开发
REX-0232,"Artifact数字藏品",P1,"合成",待开发
REX-0233,"Artifact数字藏品",P1,"Legendary",待开发
REX-0234,"Artifact数字藏品",P1,"种子生成",待开发
REX-0235,"Artifact数字藏品",P1,"metadata",待开发
REX-0236,"Artifact数字藏品",P1,"NFT mint #2",待开发
REX-0237,"Artifact数字藏品",P1,"ERC-721 #2",待开发
REX-0238,"Artifact数字藏品",P1,"稀有度验证 #2",待开发
REX-0239,"Artifact数字藏品",P1,"SVG生成 #2",待开发
REX-0240,"Artifact数字藏品",P1,"Canvas渲染 #2",待开发
REX-0241,"Artifact数字藏品",P1,"Reveal动画 #2",待开发
REX-0242,"Artifact数字藏品",P1,"画廊 #2",待开发
REX-0243,"Artifact数字藏品",P1,"详情页 #2",待开发
REX-0244,"Artifact数字藏品",P1,"OpenSea #2",待开发
REX-0245,"Artifact数字藏品",P1,"IPFS #2",待开发
REX-0246,"Artifact数字藏品",P1,"Arweave #2",待开发
REX-0247,"Artifact数字藏品",P1,"转赠 #2",待开发
REX-0248,"Artifact数字藏品",P1,"二级市场 #2",待开发
REX-0249,"Artifact数字藏品",P1,"版税 #2",待开发
REX-0250,"Artifact数字藏品",P1,"Collection #2",待开发
REX-0251,"Artifact数字藏品",P1,"未开证明 #2",待开发
REX-0252,"Artifact数字藏品",P1,"合成 #2",待开发
REX-0253,"Artifact数字藏品",P1,"Legendary #2",待开发
REX-0254,"Artifact数字藏品",P1,"种子生成 #2",待开发
REX-0255,"Artifact数字藏品",P1,"metadata #2",待开发
REX-0256,"Artifact数字藏品",P1,"NFT mint #3",待开发
REX-0257,"Artifact数字藏品",P1,"ERC-721 #3",待开发
REX-0258,"Artifact数字藏品",P1,"稀有度验证 #3",待开发
REX-0259,"Artifact数字藏品",P1,"SVG生成 #3",待开发
REX-0260,"Artifact数字藏品",P1,"Canvas渲染 #3",待开发
REX-0261,"Artifact数字藏品",P1,"Reveal动画 #3",待开发
REX-0262,"Artifact数字藏品",P1,"画廊 #3",待开发
REX-0263,"Artifact数字藏品",P1,"详情页 #3",待开发
REX-0264,"Artifact数字藏品",P1,"OpenSea #3",待开发
REX-0265,"Artifact数字藏品",P1,"IPFS #3",待开发
REX-0266,"Artifact数字藏品",P1,"Arweave #3",待开发
REX-0267,"Artifact数字藏品",P1,"转赠 #3",待开发
REX-0268,"Artifact数字藏品",P1,"二级市场 #3",待开发
REX-0269,"Artifact数字藏品",P1,"版税 #3",待开发
REX-0270,"Artifact数字藏品",P1,"Collection #3",待开发
REX-0271,"Artifact数字藏品",P1,"未开证明 #3",待开发
REX-0272,"Artifact数字藏品",P1,"合成 #3",待开发
REX-0273,"Artifact数字藏品",P1,"Legendary #3",待开发
REX-0274,"Artifact数字藏品",P1,"种子生成 #3",待开发
REX-0275,"Artifact数字藏品",P1,"metadata #3",待开发
REX-0276,"Artifact数字藏品",P1,"NFT mint #4",待开发
REX-0277,"Artifact数字藏品",P1,"ERC-721 #4",待开发
REX-0278,"Artifact数字藏品",P1,"稀有度验证 #4",待开发
REX-0279,"Artifact数字藏品",P1,"SVG生成 #4",待开发
REX-0280,"Artifact数字藏品",P1,"Canvas渲染 #4",待开发
REX-0281,"钱包与用户",P1,"MetaMask",待开发
REX-0282,"钱包与用户",P1,"WalletConnect",待开发
REX-0283,"钱包与用户",P1,"Rialo钱包",待开发
REX-0284,"钱包与用户",P1,"持久化",待开发
REX-0285,"钱包与用户",P1,"断开清理",待开发
REX-0286,"钱包与用户",P1,"Profile",待开发
REX-0287,"钱包与用户",P1,"创建历史",待开发
REX-0288,"钱包与用户",P1,"开箱历史",待开发
REX-0289,"钱包与用户",P1,"站内通知",待开发
REX-0290,"钱包与用户",P1,"邮件",待开发
REX-0291,"钱包与用户",P1,"Web Push",待开发
REX-0292,"钱包与用户",P1,"多地址",待开发
REX-0293,"钱包与用户",P1,"ENS",待开发
REX-0294,"钱包与用户",P1,"余额显示",待开发
REX-0295,"钱包与用户",P1,"交易历史",待开发
REX-0296,"钱包与用户",P1,"数据导出",待开发
REX-0297,"钱包与用户",P1,"注销",待开发
REX-0298,"钱包与用户",P1,"过期处理",待开发
REX-0299,"钱包与用户",P1,"引导页",待开发
REX-0300,"钱包与用户",P1,"DeepLink",待开发
REX-0301,"钱包与用户",P1,"MetaMask #2",待开发
REX-0302,"钱包与用户",P1,"WalletConnect #2",待开发
REX-0303,"钱包与用户",P1,"Rialo钱包 #2",待开发
REX-0304,"钱包与用户",P1,"持久化 #2",待开发
REX-0305,"钱包与用户",P1,"断开清理 #2",待开发
REX-0306,"钱包与用户",P1,"Profile #2",待开发
REX-0307,"钱包与用户",P1,"创建历史 #2",待开发
REX-0308,"钱包与用户",P1,"开箱历史 #2",待开发
REX-0309,"钱包与用户",P1,"站内通知 #2",待开发
REX-0310,"钱包与用户",P1,"邮件 #2",待开发
REX-0311,"钱包与用户",P1,"Web Push #2",待开发
REX-0312,"钱包与用户",P1,"多地址 #2",待开发
REX-0313,"钱包与用户",P1,"ENS #2",待开发
REX-0314,"钱包与用户",P1,"余额显示 #2",待开发
REX-0315,"钱包与用户",P1,"交易历史 #2",待开发
REX-0316,"钱包与用户",P1,"数据导出 #2",待开发
REX-0317,"钱包与用户",P1,"注销 #2",待开发
REX-0318,"钱包与用户",P1,"过期处理 #2",待开发
REX-0319,"钱包与用户",P1,"引导页 #2",待开发
REX-0320,"钱包与用户",P1,"DeepLink #2",待开发
REX-0321,"钱包与用户",P1,"MetaMask #3",待开发
REX-0322,"钱包与用户",P1,"WalletConnect #3",待开发
REX-0323,"钱包与用户",P1,"Rialo钱包 #3",待开发
REX-0324,"钱包与用户",P1,"持久化 #3",待开发
REX-0325,"钱包与用户",P1,"断开清理 #3",待开发
REX-0326,"钱包与用户",P1,"Profile #3",待开发
REX-0327,"钱包与用户",P1,"创建历史 #3",待开发
REX-0328,"钱包与用户",P1,"开箱历史 #3",待开发
REX-0329,"钱包与用户",P1,"站内通知 #3",待开发
REX-0330,"钱包与用户",P1,"邮件 #3",待开发
REX-0331,"钱包与用户",P1,"Web Push #3",待开发
REX-0332,"钱包与用户",P1,"多地址 #3",待开发
REX-0333,"钱包与用户",P1,"ENS #3",待开发
REX-0334,"钱包与用户",P1,"余额显示 #3",待开发
REX-0335,"钱包与用户",P1,"交易历史 #3",待开发
REX-0336,"前端UI/UX",P1,"移动响应式",待开发
REX-0337,"前端UI/UX",P1,"平板适配",待开发
REX-0338,"前端UI/UX",P1,"暗色模式",待开发
REX-0339,"前端UI/UX",P1,"主题跟随",待开发
REX-0340,"前端UI/UX",P1,"骨架屏",待开发
REX-0341,"前端UI/UX",P1,"空状态",待开发
REX-0342,"前端UI/UX",P1,"错误边界",待开发
REX-0343,"前端UI/UX",P1,"断网Banner",待开发
REX-0344,"前端UI/UX",P1,"3D动画",待开发
REX-0345,"前端UI/UX",P1,"Dashboard",待开发
REX-0346,"前端UI/UX",P1,"Step引导",待开发
REX-0347,"前端UI/UX",P1,"Onboarding",待开发
REX-0348,"前端UI/UX",P1,"中文",待开发
REX-0349,"前端UI/UX",P1,"英文",待开发
REX-0350,"前端UI/UX",P1,"日文",待开发
REX-0351,"前端UI/UX",P1,"键盘A11y",待开发
REX-0352,"前端UI/UX",P1,"ARIA",待开发
REX-0353,"前端UI/UX",P1,"WCAG",待开发
REX-0354,"前端UI/UX",P1,"PWA",待开发
REX-0355,"前端UI/UX",P1,"SW离线",待开发
REX-0356,"前端UI/UX",P1,"LCP",待开发
REX-0357,"前端UI/UX",P1,"代码分割",待开发
REX-0358,"前端UI/UX",P1,"WebP",待开发
REX-0359,"前端UI/UX",P1,"SEO",待开发
REX-0360,"前端UI/UX",P1,"OG卡片",待开发
REX-0361,"前端UI/UX",P1,"Favicon",待开发
REX-0362,"前端UI/UX",P1,"微交互",待开发
REX-0363,"前端UI/UX",P1,"Toast",待开发
REX-0364,"前端UI/UX",P1,"Modal",待开发
REX-0365,"前端UI/UX",P1,"Form",待开发
REX-0366,"前端UI/UX",P1,"Token",待开发
REX-0367,"前端UI/UX",P1,"Storybook",待开发
REX-0368,"前端UI/UX",P1,"过渡",待开发
REX-0369,"前端UI/UX",P1,"虚拟列表",待开发
REX-0370,"前端UI/UX",P1,"移动响应式 #2",待开发
REX-0371,"前端UI/UX",P1,"平板适配 #2",待开发
REX-0372,"前端UI/UX",P1,"暗色模式 #2",待开发
REX-0373,"前端UI/UX",P1,"主题跟随 #2",待开发
REX-0374,"前端UI/UX",P1,"骨架屏 #2",待开发
REX-0375,"前端UI/UX",P1,"空状态 #2",待开发
REX-0376,"前端UI/UX",P1,"错误边界 #2",待开发
REX-0377,"前端UI/UX",P1,"断网Banner #2",待开发
REX-0378,"前端UI/UX",P1,"3D动画 #2",待开发
REX-0379,"前端UI/UX",P1,"Dashboard #2",待开发
REX-0380,"前端UI/UX",P1,"Step引导 #2",待开发
REX-0381,"前端UI/UX",P1,"Onboarding #2",待开发
REX-0382,"前端UI/UX",P1,"中文 #2",待开发
REX-0383,"前端UI/UX",P1,"英文 #2",待开发
REX-0384,"前端UI/UX",P1,"日文 #2",待开发
REX-0385,"前端UI/UX",P1,"键盘A11y #2",待开发
REX-0386,"前端UI/UX",P1,"ARIA #2",待开发
REX-0387,"前端UI/UX",P1,"WCAG #2",待开发
REX-0388,"前端UI/UX",P1,"PWA #2",待开发
REX-0389,"前端UI/UX",P1,"SW离线 #2",待开发
REX-0390,"前端UI/UX",P1,"LCP #2",待开发
REX-0391,"前端UI/UX",P1,"代码分割 #2",待开发
REX-0392,"前端UI/UX",P1,"WebP #2",待开发
REX-0393,"前端UI/UX",P1,"SEO #2",待开发
REX-0394,"前端UI/UX",P1,"OG卡片 #2",待开发
REX-0395,"前端UI/UX",P1,"Favicon #2",待开发
REX-0396,"前端UI/UX",P1,"微交互 #2",待开发
REX-0397,"前端UI/UX",P1,"Toast #2",待开发
REX-0398,"前端UI/UX",P1,"Modal #2",待开发
REX-0399,"前端UI/UX",P1,"Form #2",待开发
REX-0400,"前端UI/UX",P1,"Token #2",待开发
REX-0401,"前端UI/UX",P1,"Storybook #2",待开发
REX-0402,"前端UI/UX",P1,"过渡 #2",待开发
REX-0403,"前端UI/UX",P1,"虚拟列表 #2",待开发
REX-0404,"前端UI/UX",P1,"移动响应式 #3",待开发
REX-0405,"前端UI/UX",P1,"平板适配 #3",待开发
REX-0406,"实时与自动化",P1,"WebSocket",待开发
REX-0407,"实时与自动化",P1,"SSE",待开发
REX-0408,"实时与自动化",P1,"轮询配置",待开发
REX-0409,"实时与自动化",P1,"Push通知",待开发
REX-0410,"实时与自动化",P1,"Cron监控",待开发
REX-0411,"实时与自动化",P1,"多城并行",待开发
REX-0412,"实时与自动化",P1,"优先级队列",待开发
REX-0413,"实时与自动化",P1,"刷新频率",待开发
REX-0414,"实时与自动化",P1,"异常检测",待开发
REX-0415,"实时与自动化",P1,"Webhook",待开发
REX-0416,"实时与自动化",P1,"IFTTT",待开发
REX-0417,"实时与自动化",P1,"Telegram",待开发
REX-0418,"实时与自动化",P1,"Discord",待开发
REX-0419,"实时与自动化",P1,"日志流",待开发
REX-0420,"实时与自动化",P1,"全屏Live",待开发
REX-0421,"实时与自动化",P1,"多Vault看板",待开发
REX-0422,"实时与自动化",P1,"WebSocket #2",待开发
REX-0423,"实时与自动化",P1,"SSE #2",待开发
REX-0424,"实时与自动化",P1,"轮询配置 #2",待开发
REX-0425,"实时与自动化",P1,"Push通知 #2",待开发
REX-0426,"实时与自动化",P1,"Cron监控 #2",待开发
REX-0427,"实时与自动化",P1,"多城并行 #2",待开发
REX-0428,"实时与自动化",P1,"优先级队列 #2",待开发
REX-0429,"实时与自动化",P1,"刷新频率 #2",待开发
REX-0430,"实时与自动化",P1,"异常检测 #2",待开发
REX-0431,"实时与自动化",P1,"Webhook #2",待开发
REX-0432,"实时与自动化",P1,"IFTTT #2",待开发
REX-0433,"实时与自动化",P1,"Telegram #2",待开发
REX-0434,"实时与自动化",P1,"Discord #2",待开发
REX-0435,"实时与自动化",P1,"日志流 #2",待开发
REX-0436,"实时与自动化",P1,"全屏Live #2",待开发
REX-0437,"实时与自动化",P1,"多Vault看板 #2",待开发
REX-0438,"实时与自动化",P1,"WebSocket #3",待开发
REX-0439,"实时与自动化",P1,"SSE #3",待开发
REX-0440,"实时与自动化",P1,"轮询配置 #3",待开发
REX-0441,"实时与自动化",P1,"Push通知 #3",待开发
REX-0442,"实时与自动化",P1,"Cron监控 #3",待开发
REX-0443,"实时与自动化",P1,"多城并行 #3",待开发
REX-0444,"实时与自动化",P1,"优先级队列 #3",待开发
REX-0445,"实时与自动化",P1,"刷新频率 #3",待开发
REX-0446,"安全与隐私",P2,"合约审计",待开发
REX-0447,"安全与隐私",P2,"Slither",待开发
REX-0448,"安全与隐私",P2,"XSS",待开发
REX-0449,"安全与隐私",P2,"CSRF",待开发
REX-0450,"安全与隐私",P2,"Key隔离",待开发
REX-0451,"安全与隐私",P2,"防泄露",待开发
REX-0452,"安全与隐私",P2,"RateLimit",待开发
REX-0453,"安全与隐私",P2,"Phishing",待开发
REX-0454,"安全与隐私",P2,"Dependabot",待开发
REX-0455,"安全与隐私",P2,"npm audit",待开发
REX-0456,"安全与隐私",P2,"渗透",待开发
REX-0457,"安全与隐私",P2,"BugBounty",待开发
REX-0458,"安全与隐私",P2,"KMS",待开发
REX-0459,"安全与隐私",P2,"Timelock",待开发
REX-0460,"安全与隐私",P2,"Breaker",待开发
REX-0461,"安全与隐私",P2,"CORS",待开发
REX-0462,"安全与隐私",P2,"CSP",待开发
REX-0463,"安全与隐私",P2,"HSTS",待开发
REX-0464,"安全与隐私",P2,"脱敏",待开发
REX-0465,"安全与隐私",P2,"JWT",待开发
REX-0466,"安全与隐私",P2,"合约审计 #2",待开发
REX-0467,"安全与隐私",P2,"Slither #2",待开发
REX-0468,"安全与隐私",P2,"XSS #2",待开发
REX-0469,"安全与隐私",P2,"CSRF #2",待开发
REX-0470,"安全与隐私",P2,"Key隔离 #2",待开发
REX-0471,"安全与隐私",P2,"防泄露 #2",待开发
REX-0472,"安全与隐私",P2,"RateLimit #2",待开发
REX-0473,"安全与隐私",P2,"Phishing #2",待开发
REX-0474,"安全与隐私",P2,"Dependabot #2",待开发
REX-0475,"安全与隐私",P2,"npm audit #2",待开发
REX-0476,"安全与隐私",P2,"渗透 #2",待开发
REX-0477,"安全与隐私",P2,"BugBounty #2",待开发
REX-0478,"安全与隐私",P2,"KMS #2",待开发
REX-0479,"安全与隐私",P2,"Timelock #2",待开发
REX-0480,"安全与隐私",P2,"Breaker #2",待开发
REX-0481,"安全与隐私",P2,"CORS #2",待开发
REX-0482,"安全与隐私",P2,"CSP #2",待开发
REX-0483,"安全与隐私",P2,"HSTS #2",待开发
REX-0484,"安全与隐私",P2,"脱敏 #2",待开发
REX-0485,"安全与隐私",P2,"JWT #2",待开发
REX-0486,"安全与隐私",P2,"合约审计 #3",待开发
REX-0487,"安全与隐私",P2,"Slither #3",待开发
REX-0488,"安全与隐私",P2,"XSS #3",待开发
REX-0489,"安全与隐私",P2,"CSRF #3",待开发
REX-0490,"安全与隐私",P2,"Key隔离 #3",待开发
REX-0491,"安全与隐私",P2,"防泄露 #3",待开发
REX-0492,"安全与隐私",P2,"RateLimit #3",待开发
REX-0493,"安全与隐私",P2,"Phishing #3",待开发
REX-0494,"安全与隐私",P2,"Dependabot #3",待开发
REX-0495,"安全与隐私",P2,"npm audit #3",待开发
REX-0496,"安全与隐私",P2,"渗透 #3",待开发
REX-0497,"安全与隐私",P2,"BugBounty #3",待开发
REX-0498,"安全与隐私",P2,"KMS #3",待开发
REX-0499,"安全与隐私",P2,"Timelock #3",待开发
REX-0500,"安全与隐私",P2,"Breaker #3",待开发
REX-0501,"安全与隐私",P2,"CORS #3",待开发
REX-0502,"安全与隐私",P2,"CSP #3",待开发
REX-0503,"安全与隐私",P2,"HSTS #3",待开发
REX-0504,"安全与隐私",P2,"脱敏 #3",待开发
REX-0505,"安全与隐私",P2,"JWT #3",待开发
REX-0506,"后端与服务",P2,"Fastify",待开发
REX-0507,"后端与服务",P2,"GraphQL",待开发
REX-0508,"后端与服务",P2,"PG用户",待开发
REX-0509,"后端与服务",P2,"PG Vault",待开发
REX-0510,"后端与服务",P2,"Redis",待开发
REX-0511,"后端与服务",P2,"BullMQ",待开发
REX-0512,"后端与服务",P2,"JWT",待开发
REX-0513,"后端与服务",P2,"OAuth",待开发
REX-0514,"后端与服务",P2,"S3",待开发
REX-0515,"后端与服务",P2,"SendGrid",待开发
REX-0516,"后端与服务",P2,"FCM",待开发
REX-0517,"后端与服务",P2,"Admin",待开发
REX-0518,"后端与服务",P2,"CMS",待开发
REX-0519,"后端与服务",P2,"事件采集",待开发
REX-0520,"后端与服务",P2,"API v1",待开发
REX-0521,"后端与服务",P2,"API v2",待开发
REX-0522,"后端与服务",P2,"Swagger",待开发
REX-0523,"后端与服务",P2,"Migration",待开发
REX-0524,"后端与服务",P2,"Seed",待开发
REX-0525,"后端与服务",P2,"RateLimit",待开发
REX-0526,"后端与服务",P2,"Health",待开发
REX-0527,"后端与服务",P2,"Fastify #2",待开发
REX-0528,"后端与服务",P2,"GraphQL #2",待开发
REX-0529,"后端与服务",P2,"PG用户 #2",待开发
REX-0530,"后端与服务",P2,"PG Vault #2",待开发
REX-0531,"后端与服务",P2,"Redis #2",待开发
REX-0532,"后端与服务",P2,"BullMQ #2",待开发
REX-0533,"后端与服务",P2,"JWT #2",待开发
REX-0534,"后端与服务",P2,"OAuth #2",待开发
REX-0535,"后端与服务",P2,"S3 #2",待开发
REX-0536,"后端与服务",P2,"SendGrid #2",待开发
REX-0537,"后端与服务",P2,"FCM #2",待开发
REX-0538,"后端与服务",P2,"Admin #2",待开发
REX-0539,"后端与服务",P2,"CMS #2",待开发
REX-0540,"后端与服务",P2,"事件采集 #2",待开发
REX-0541,"后端与服务",P2,"API v1 #2",待开发
REX-0542,"后端与服务",P2,"API v2 #2",待开发
REX-0543,"后端与服务",P2,"Swagger #2",待开发
REX-0544,"后端与服务",P2,"Migration #2",待开发
REX-0545,"后端与服务",P2,"Seed #2",待开发
REX-0546,"后端与服务",P2,"RateLimit #2",待开发
REX-0547,"后端与服务",P2,"Health #2",待开发
REX-0548,"后端与服务",P2,"Fastify #3",待开发
REX-0549,"后端与服务",P2,"GraphQL #3",待开发
REX-0550,"后端与服务",P2,"PG用户 #3",待开发
REX-0551,"后端与服务",P2,"PG Vault #3",待开发
REX-0552,"后端与服务",P2,"Redis #3",待开发
REX-0553,"后端与服务",P2,"BullMQ #3",待开发
REX-0554,"后端与服务",P2,"JWT #3",待开发
REX-0555,"后端与服务",P2,"OAuth #3",待开发
REX-0556,"后端与服务",P2,"S3 #3",待开发
REX-0557,"后端与服务",P2,"SendGrid #3",待开发
REX-0558,"后端与服务",P2,"FCM #3",待开发
REX-0559,"后端与服务",P2,"Admin #3",待开发
REX-0560,"后端与服务",P2,"CMS #3",待开发
REX-0561,"后端与服务",P2,"事件采集 #3",待开发
REX-0562,"后端与服务",P2,"API v1 #3",待开发
REX-0563,"后端与服务",P2,"API v2 #3",待开发
REX-0564,"后端与服务",P2,"Swagger #3",待开发
REX-0565,"后端与服务",P2,"Migration #3",待开发
REX-0566,"后端与服务",P2,"Seed #3",待开发
REX-0567,"后端与服务",P2,"RateLimit #3",待开发
REX-0568,"后端与服务",P2,"Health #3",待开发
REX-0569,"后端与服务",P2,"Fastify #4",待开发
REX-0570,"后端与服务",P2,"GraphQL #4",待开发
REX-0571,"后端与服务",P2,"PG用户 #4",待开发
REX-0572,"后端与服务",P2,"PG Vault #4",待开发
REX-0573,"后端与服务",P2,"Redis #4",待开发
REX-0574,"后端与服务",P2,"BullMQ #4",待开发
REX-0575,"后端与服务",P2,"JWT #4",待开发
REX-0576,"测试与QA",P2,"engine单测",待开发
REX-0577,"测试与QA",P2,"liveSignal Mock",待开发
REX-0578,"测试与QA",P2,"Hook测试",待开发
REX-0579,"测试与QA",P2,"Panel测试",待开发
REX-0580,"测试与QA",P2,"Create E2E",待开发
REX-0581,"测试与QA",P2,"Detail E2E",待开发
REX-0582,"测试与QA",P2,"Playwright",待开发
REX-0583,"测试与QA",P2,"Hardhat",待开发
REX-0584,"测试与QA",P2,"Foundry",待开发
REX-0585,"测试与QA",P2,"API集成",待开发
REX-0586,"测试与QA",P2,"视觉回归",待开发
REX-0587,"测试与QA",P2,"k6",待开发
REX-0588,"测试与QA",P2,"混沌",待开发
REX-0589,"测试与QA",P2,"覆盖率",待开发
REX-0590,"测试与QA",P2,"Snapshot",待开发
REX-0591,"测试与QA",P2,"Fuzz",待开发
REX-0592,"测试与QA",P2,"engine单测 #2",待开发
REX-0593,"测试与QA",P2,"liveSignal Mock #2",待开发
REX-0594,"测试与QA",P2,"Hook测试 #2",待开发
REX-0595,"测试与QA",P2,"Panel测试 #2",待开发
REX-0596,"测试与QA",P2,"Create E2E #2",待开发
REX-0597,"测试与QA",P2,"Detail E2E #2",待开发
REX-0598,"测试与QA",P2,"Playwright #2",待开发
REX-0599,"测试与QA",P2,"Hardhat #2",待开发
REX-0600,"测试与QA",P2,"Foundry #2",待开发
REX-0601,"测试与QA",P2,"API集成 #2",待开发
REX-0602,"测试与QA",P2,"视觉回归 #2",待开发
REX-0603,"测试与QA",P2,"k6 #2",待开发
REX-0604,"测试与QA",P2,"混沌 #2",待开发
REX-0605,"测试与QA",P2,"覆盖率 #2",待开发
REX-0606,"测试与QA",P2,"Snapshot #2",待开发
REX-0607,"测试与QA",P2,"Fuzz #2",待开发
REX-0608,"测试与QA",P2,"engine单测 #3",待开发
REX-0609,"测试与QA",P2,"liveSignal Mock #3",待开发
REX-0610,"测试与QA",P2,"Hook测试 #3",待开发
REX-0611,"测试与QA",P2,"Panel测试 #3",待开发
REX-0612,"测试与QA",P2,"Create E2E #3",待开发
REX-0613,"测试与QA",P2,"Detail E2E #3",待开发
REX-0614,"测试与QA",P2,"Playwright #3",待开发
REX-0615,"测试与QA",P2,"Hardhat #3",待开发
REX-0616,"测试与QA",P2,"Foundry #3",待开发
REX-0617,"测试与QA",P2,"API集成 #3",待开发
REX-0618,"测试与QA",P2,"视觉回归 #3",待开发
REX-0619,"测试与QA",P2,"k6 #3",待开发
REX-0620,"测试与QA",P2,"混沌 #3",待开发
REX-0621,"测试与QA",P2,"覆盖率 #3",待开发
REX-0622,"测试与QA",P2,"Snapshot #3",待开发
REX-0623,"测试与QA",P2,"Fuzz #3",待开发
REX-0624,"测试与QA",P2,"engine单测 #4",待开发
REX-0625,"测试与QA",P2,"liveSignal Mock #4",待开发
REX-0626,"DevOps部署",P2,"Vercel",待开发
REX-0627,"DevOps部署",P2,"CF Pages",待开发
REX-0628,"DevOps部署",P2,"Dockerfile",待开发
REX-0629,"DevOps部署",P2,"compose",待开发
REX-0630,"DevOps部署",P2,"GH Actions",待开发
REX-0631,"DevOps部署",P2,"PR Preview",待开发
REX-0632,"DevOps部署",P2,"Secrets",待开发
REX-0633,"DevOps部署",P2,"CDN",待开发
REX-0634,"DevOps部署",P2,"SSL",待开发
REX-0635,"DevOps部署",P2,"蓝绿",待开发
REX-0636,"DevOps部署",P2,"金丝雀",待开发
REX-0637,"DevOps部署",P2,"回滚",待开发
REX-0638,"DevOps部署",P2,"Terraform",待开发
REX-0639,"DevOps部署",P2,"Staging",待开发
REX-0640,"DevOps部署",P2,"分支保护",待开发
REX-0641,"DevOps部署",P2,"Build缓存",待开发
REX-0642,"DevOps部署",P2,"Vercel #2",待开发
REX-0643,"DevOps部署",P2,"CF Pages #2",待开发
REX-0644,"DevOps部署",P2,"Dockerfile #2",待开发
REX-0645,"DevOps部署",P2,"compose #2",待开发
REX-0646,"DevOps部署",P2,"GH Actions #2",待开发
REX-0647,"DevOps部署",P2,"PR Preview #2",待开发
REX-0648,"DevOps部署",P2,"Secrets #2",待开发
REX-0649,"DevOps部署",P2,"CDN #2",待开发
REX-0650,"DevOps部署",P2,"SSL #2",待开发
REX-0651,"DevOps部署",P2,"蓝绿 #2",待开发
REX-0652,"DevOps部署",P2,"金丝雀 #2",待开发
REX-0653,"DevOps部署",P2,"回滚 #2",待开发
REX-0654,"DevOps部署",P2,"Terraform #2",待开发
REX-0655,"DevOps部署",P2,"Staging #2",待开发
REX-0656,"DevOps部署",P2,"分支保护 #2",待开发
REX-0657,"DevOps部署",P2,"Build缓存 #2",待开发
REX-0658,"DevOps部署",P2,"Vercel #3",待开发
REX-0659,"DevOps部署",P2,"CF Pages #3",待开发
REX-0660,"DevOps部署",P2,"Dockerfile #3",待开发
REX-0661,"DevOps部署",P2,"compose #3",待开发
REX-0662,"DevOps部署",P2,"GH Actions #3",待开发
REX-0663,"DevOps部署",P2,"PR Preview #3",待开发
REX-0664,"DevOps部署",P2,"Secrets #3",待开发
REX-0665,"DevOps部署",P2,"CDN #3",待开发
REX-0666,"DevOps部署",P2,"SSL #3",待开发
REX-0667,"DevOps部署",P2,"蓝绿 #3",待开发
REX-0668,"DevOps部署",P2,"金丝雀 #3",待开发
REX-0669,"DevOps部署",P2,"回滚 #3",待开发
REX-0670,"DevOps部署",P2,"Terraform #3",待开发
REX-0671,"监控与运维",P2,"Sentry FE",待开发
REX-0672,"监控与运维",P2,"Sentry BE",待开发
REX-0673,"监控与运维",P2,"Grafana",待开发
REX-0674,"监控与运维",P2,"Prometheus",待开发
REX-0675,"监控与运维",P2,"链上率",待开发
REX-0676,"监控与运维",P2,"P99告警",待开发
REX-0677,"监控与运维",P2,"PagerDuty",待开发
REX-0678,"监控与运维",P2,"ELK",待开发
REX-0679,"监控与运维",P2,"Mixpanel",待开发
REX-0680,"监控与运维",P2,"Datadog",待开发
REX-0681,"监控与运维",P2,"Uptime",待开发
REX-0682,"监控与运维",P2,"成本",待开发
REX-0683,"监控与运维",P2,"Sentry FE #2",待开发
REX-0684,"监控与运维",P2,"Sentry BE #2",待开发
REX-0685,"监控与运维",P2,"Grafana #2",待开发
REX-0686,"监控与运维",P2,"Prometheus #2",待开发
REX-0687,"监控与运维",P2,"链上率 #2",待开发
REX-0688,"监控与运维",P2,"P99告警 #2",待开发
REX-0689,"监控与运维",P2,"PagerDuty #2",待开发
REX-0690,"监控与运维",P2,"ELK #2",待开发
REX-0691,"监控与运维",P2,"Mixpanel #2",待开发
REX-0692,"监控与运维",P2,"Datadog #2",待开发
REX-0693,"监控与运维",P2,"Uptime #2",待开发
REX-0694,"监控与运维",P2,"成本 #2",待开发
REX-0695,"监控与运维",P2,"Sentry FE #3",待开发
REX-0696,"监控与运维",P2,"Sentry BE #3",待开发
REX-0697,"监控与运维",P2,"Grafana #3",待开发
REX-0698,"监控与运维",P2,"Prometheus #3",待开发
REX-0699,"监控与运维",P2,"链上率 #3",待开发
REX-0700,"监控与运维",P2,"P99告警 #3",待开发
REX-0701,"监控与运维",P2,"PagerDuty #3",待开发
REX-0702,"监控与运维",P2,"ELK #3",待开发
REX-0703,"监控与运维",P2,"Mixpanel #3",待开发
REX-0704,"监控与运维",P2,"Datadog #3",待开发
REX-0705,"监控与运维",P2,"Uptime #3",待开发
REX-0706,"国际化与无障碍",P3,"i18next",待开发
REX-0707,"国际化与无障碍",P3,"语言检测",待开发
REX-0708,"国际化与无障碍",P3,"RTL",待开发
REX-0709,"国际化与无障碍",P3,"时区",待开发
REX-0710,"国际化与无障碍",P3,"数字格式",待开发
REX-0711,"国际化与无障碍",P3,"Crowdin",待开发
REX-0712,"国际化与无障碍",P3,"动态切换",待开发
REX-0713,"国际化与无障碍",P3,"SkipLink",待开发
REX-0714,"国际化与无障碍",P3,"i18next #2",待开发
REX-0715,"国际化与无障碍",P3,"语言检测 #2",待开发
REX-0716,"国际化与无障碍",P3,"RTL #2",待开发
REX-0717,"国际化与无障碍",P3,"时区 #2",待开发
REX-0718,"国际化与无障碍",P3,"数字格式 #2",待开发
REX-0719,"国际化与无障碍",P3,"Crowdin #2",待开发
REX-0720,"国际化与无障碍",P3,"动态切换 #2",待开发
REX-0721,"国际化与无障碍",P3,"SkipLink #2",待开发
REX-0722,"国际化与无障碍",P3,"i18next #3",待开发
REX-0723,"国际化与无障碍",P3,"语言检测 #3",待开发
REX-0724,"国际化与无障碍",P3,"RTL #3",待开发
REX-0725,"国际化与无障碍",P3,"时区 #3",待开发
REX-0726,"国际化与无障碍",P3,"数字格式 #3",待开发
REX-0727,"国际化与无障碍",P3,"Crowdin #3",待开发
REX-0728,"国际化与无障碍",P3,"动态切换 #3",待开发
REX-0729,"国际化与无障碍",P3,"SkipLink #3",待开发
REX-0730,"国际化与无障碍",P3,"i18next #4",待开发
REX-0731,"商业化与运营",P3,"定价页",待开发
REX-0732,"商业化与运营",P3,"Stripe",待开发
REX-0733,"商业化与运营",P3,"Premium",待开发
REX-0734,"商业化与运营",P3,"Boost",待开发
REX-0735,"商业化与运营",P3,"分成",待开发
REX-0736,"商业化与运营",P3,"白标",待开发
REX-0737,"商业化与运营",P3,"Public API",待开发
REX-0738,"商业化与运营",P3,"API Key",待开发
REX-0739,"商业化与运营",P3,"Referral",待开发
REX-0740,"商业化与运营",P3,"Affiliate",待开发
REX-0741,"商业化与运营",P3,"SLA",待开发
REX-0742,"商业化与运营",P3,"Landing",待开发
REX-0743,"商业化与运营",P3,"Roadmap",待开发
REX-0744,"商业化与运营",P3,"Changelog",待开发
REX-0745,"商业化与运营",P3,"Discord",待开发
REX-0746,"商业化与运营",P3,"文档",待开发
REX-0747,"商业化与运营",P3,"黑客松",待开发
REX-0748,"商业化与运营",P3,"Press",待开发
REX-0749,"商业化与运营",P3,"反馈",待开发
REX-0750,"商业化与运营",P3,"Analytics",待开发
REX-0751,"商业化与运营",P3,"定价页 #2",待开发
REX-0752,"商业化与运营",P3,"Stripe #2",待开发
REX-0753,"商业化与运营",P3,"Premium #2",待开发
REX-0754,"商业化与运营",P3,"Boost #2",待开发
REX-0755,"商业化与运营",P3,"分成 #2",待开发
REX-0756,"商业化与运营",P3,"白标 #2",待开发
REX-0757,"商业化与运营",P3,"Public API #2",待开发
REX-0758,"商业化与运营",P3,"API Key #2",待开发
REX-0759,"商业化与运营",P3,"Referral #2",待开发
REX-0760,"商业化与运营",P3,"Affiliate #2",待开发
REX-0761,"商业化与运营",P3,"SLA #2",待开发
REX-0762,"商业化与运营",P3,"Landing #2",待开发
REX-0763,"商业化与运营",P3,"Roadmap #2",待开发
REX-0764,"商业化与运营",P3,"Changelog #2",待开发
REX-0765,"商业化与运营",P3,"Discord #2",待开发
REX-0766,"商业化与运营",P3,"文档 #2",待开发
REX-0767,"商业化与运营",P3,"黑客松 #2",待开发
REX-0768,"商业化与运营",P3,"Press #2",待开发
REX-0769,"商业化与运营",P3,"反馈 #2",待开发
REX-0770,"商业化与运营",P3,"Analytics #2",待开发
REX-0771,"商业化与运营",P3,"定价页 #3",待开发
REX-0772,"商业化与运营",P3,"Stripe #3",待开发
REX-0773,"商业化与运营",P3,"Premium #3",待开发
REX-0774,"商业化与运营",P3,"Boost #3",待开发
REX-0775,"商业化与运营",P3,"分成 #3",待开发
REX-0776,"合规与法务",P3,"ToS",待开发
REX-0777,"合规与法务",P3,"Privacy",待开发
REX-0778,"合规与法务",P3,"Cookie",待开发
REX-0779,"合规与法务",P3,"GDPR",待开发
REX-0780,"合规与法务",P3,"CCPA",待开发
REX-0781,"合规与法务",P3,"免责",待开发
REX-0782,"合规与法务",P3,"年龄验证",待开发
REX-0783,"合规与法务",P3,"KYC",待开发
REX-0784,"合规与法务",P3,"税务",待开发
REX-0785,"合规与法务",P3,"审计",待开发
REX-0786,"合规与法务",P3,"DPA",待开发
REX-0787,"合规与法务",P3,"Geo限制",待开发
REX-0788,"合规与法务",P3,"ToS #2",待开发
REX-0789,"合规与法务",P3,"Privacy #2",待开发
REX-0790,"合规与法务",P3,"Cookie #2",待开发
REX-0791,"合规与法务",P3,"GDPR #2",待开发
REX-0792,"合规与法务",P3,"CCPA #2",待开发
REX-0793,"合规与法务",P3,"免责 #2",待开发
REX-0794,"合规与法务",P3,"年龄验证 #2",待开发
REX-0795,"合规与法务",P3,"KYC #2",待开发
REX-0796,"合规与法务",P3,"税务 #2",待开发
REX-0797,"合规与法务",P3,"审计 #2",待开发
REX-0798,"合规与法务",P3,"DPA #2",待开发
REX-0799,"合规与法务",P3,"Geo限制 #2",待开发
REX-0800,"合规与法务",P3,"ToS #3",待开发